名称,价格(人民币),图片链接,产品链接,库存,状态,仓库标签,重量(kg),原价(人民币),成本价(人民币)
Neurio 纽瑞优乳铁蛋白2g*60袋 免疫JAT澳版 27年08月   3罐减10元,￥268,https://cdn2u.com/images/upload/644138-baeaa6b096db09676127226a329b463e-561x693.png!s160,https://www.tinanz.com/product/21347,,,成都仓,,,
Blackmores 叶黄素护眼片60粒   27.07月,￥119,https://cdn2u.com/images/upload/1265314-6b8e7882e08f104c0f667fde1abec791-802x828.png!s160,https://www.tinanz.com/product/19538,,,成都仓,,,
海参 礼品袋 免费 下单花胶 海参才可以拍,￥6,https://cdn2u.com/images/upload/2857778-0a9c6b7614e1ba959ae06af3123756a9-3456x4608.jpg!s160,https://www.tinanz.com/product/19500,,,成都仓,,,
Trilogy玫瑰果油45ml  28.07月,￥158,https://cdn2u.com/images/upload/702006-a05b8a0f3cc57e1a808f2b787aa9399b-567x831.png!s160,https://www.tinanz.com/product/19496,,,成都仓,,,
Blackmores 维生素E  VE1000IU 100粒  29.06月,￥188,https://cdn2u.com/images/upload/885994-847d1a842debfa31bf2c756409cd2b5b-604x798.png!s160,https://www.tinanz.com/product/19487,,,成都仓,,,
佳思敏叶黄素护眼软糖50粒  27.06月,￥99,https://cdn2u.com/images/upload/3372315-c01f13dd4b1b31f074a666ded73222fb-3120x4160.jpg!s160,https://www.tinanz.com/product/18999,,,成都仓,,,
爱他美金装4段 27.10月   3罐优惠10元,￥168,https://cdn2u.com/images/upload/720941-3003a1fd66a176009d6751bb65289fd0-557x812.png!s160,https://www.tinanz.com/product/18931,,,成都仓,,,
爱他美金装2段  27.09月   3罐优惠10元,￥199,https://cdn2u.com/images/upload/595272-ecf669b0582db51d9e970a5e6cf9e3c6-565x778.png!s160,https://www.tinanz.com/product/18886,,,成都仓,,,
爱他美金装3段   27.11月 3罐优惠10元,￥178,https://cdn2u.com/images/upload/773867-644883739fd087039f15636c4aa0553b-563x768.png!s160,https://www.tinanz.com/product/18885,,,成都仓,,,
Kelo-cote 疤克修复祛疤痕膏15g  法版 28.10月,￥198,https://cdn2u.com/images/upload/1026229-0941ad101d228eafa73b31a058dbdc0c-603x814.png!s160,https://www.tinanz.com/product/18710,,,成都仓,,,
swisse红番茄素锯棕榈男士前腺健康片 50粒  27.04月,￥110,https://cdn2u.com/images/upload/955371-02e10883d47eb9d61fceeb213c997aeb-607x815.png!s160,https://www.tinanz.com/product/18516,,,成都仓,,,
SHEVEU赛逸洗发水200ml 橙瓶  28年4月,￥59,https://cdn2u.com/images/upload/562579-39479b7fb53316b8bc8a44e8cdf79e5f-563x785.png!s160,https://www.tinanz.com/product/18502,,,成都仓,,,
Healthy care角鲨烯200粒  28.05月~,￥138,https://cdn2u.com/images/upload/1390245-53a17381bc9dca229169a89fb533d873-606x809.png!s160,https://www.tinanz.com/product/18490,,,成都仓,,,
英版FemFresh（洋甘菊）护理洗液250ml  28.10月,￥58,https://cdn2u.com/images/upload/3065022-300e08a5b01819b6fd169714a48b3cba-3456x4608.jpg!s160,https://www.tinanz.com/product/18480,,,成都仓,,,
ENCARE 耳牛球免疫球蛋白 成人升级版30粒   27年6月,无货,https://cdn2u.com/images/upload/1305462-6065f12412af796282e0e985adb49174-591x804.png!s160,https://www.tinanz.com/product/18424,,,成都仓,,,
Nu-lax 乐康片40粒 （芦荟味）27.04月,无货,https://cdn2u.com/images/upload/1215829-226a7744ee0fecf6062d17aaa5c219b2-600x828.png!s160,https://www.tinanz.com/product/18411,,,成都仓,,,
Nu-lax 乐康片40粒 （西梅味）27.08月,￥65,https://cdn2u.com/images/upload/1210545-f2fe0b69359b33768fd6744f2d6faf17-599x816.png!s160,https://www.tinanz.com/product/18410,,,成都仓,,,
Manuka蜜纽康 麦卢卡蜂蜜 MGO400+UMF13+250克  保质期 28.04   普通地区包邮,￥199,https://cdn2u.com/images/upload/73721-2dfb7d6ebf14a26d2cafd2a17ed3e5ea-800x800.jpg!s160,https://www.tinanz.com/product/18258,,,品牌方发,,,
英国 Sudocrem 屁屁霜125g（英版） 28.01月~,￥56,https://cdn2u.com/images/upload/1064535-ae399316802a18c11268f1e5b68964ff-609x812.png!s160,https://www.tinanz.com/product/18253,,,成都仓,,,
红印Red Seal优质黑糖/红糖440g    26年04月,无货,https://cdn2u.com/images/upload/707314-d2b301d1641fd9622364da816ec6fcfa-1080x1440.jpg!s160,https://www.tinanz.com/product/18232,,,成都仓,,,
