名称,价格,图片链接,产品链接,仓库标签
Neurio 纽瑞优乳铁蛋白2g*60袋 免疫JAT澳版 27年08月   3罐减10元,￥268,https://cdn2u.com/images/upload/644138-baeaa6b096db09676127226a329b463e-561x693.png!s160,https://www.tinanz.com/product/21347,成都仓
Blackmores 叶黄素护眼片60粒   27.07月,￥119,https://cdn2u.com/images/upload/1265314-6b8e7882e08f104c0f667fde1abec791-802x828.png!s160,https://www.tinanz.com/product/19538,成都仓
海参 礼品袋 免费 下单花胶 海参才可以拍,￥6,https://cdn2u.com/images/upload/2857778-0a9c6b7614e1ba959ae06af3123756a9-3456x4608.jpg!s160,https://www.tinanz.com/product/19500,成都仓
Trilogy玫瑰果油45ml  28.07月,￥158,https://cdn2u.com/images/upload/702006-a05b8a0f3cc57e1a808f2b787aa9399b-567x831.png!s160,https://www.tinanz.com/product/19496,成都仓
Blackmores 维生素E  VE1000IU 100粒  29.06月,￥188,https://cdn2u.com/images/upload/885994-847d1a842debfa31bf2c756409cd2b5b-604x798.png!s160,https://www.tinanz.com/product/19487,成都仓
佳思敏叶黄素护眼软糖50粒  27.06月,￥99,https://cdn2u.com/images/upload/3372315-c01f13dd4b1b31f074a666ded73222fb-3120x4160.jpg!s160,https://www.tinanz.com/product/18999,成都仓
爱他美金装4段 27.10月   3罐优惠10元,￥168,https://cdn2u.com/images/upload/720941-3003a1fd66a176009d6751bb65289fd0-557x812.png!s160,https://www.tinanz.com/product/18931,成都仓
爱他美金装2段  27.09月   3罐优惠10元,￥199,https://cdn2u.com/images/upload/595272-ecf669b0582db51d9e970a5e6cf9e3c6-565x778.png!s160,https://www.tinanz.com/product/18886,成都仓
爱他美金装3段   27.11月 3罐优惠10元,￥178,https://cdn2u.com/images/upload/773867-644883739fd087039f15636c4aa0553b-563x768.png!s160,https://www.tinanz.com/product/18885,成都仓
Kelo-cote 疤克修复祛疤痕膏15g  法版 28.10月,￥198,https://cdn2u.com/images/upload/1026229-0941ad101d228eafa73b31a058dbdc0c-603x814.png!s160,https://www.tinanz.com/product/18710,成都仓
swisse红番茄素锯棕榈男士前腺健康片 50粒  27.04月,￥110,https://cdn2u.com/images/upload/955371-02e10883d47eb9d61fceeb213c997aeb-607x815.png!s160,https://www.tinanz.com/product/18516,成都仓
SHEVEU赛逸洗发水200ml 橙瓶  28年4月,￥59,https://cdn2u.com/images/upload/562579-39479b7fb53316b8bc8a44e8cdf79e5f-563x785.png!s160,https://www.tinanz.com/product/18502,成都仓
Healthy care角鲨烯200粒  28.05月~,￥138,https://cdn2u.com/images/upload/1390245-53a17381bc9dca229169a89fb533d873-606x809.png!s160,https://www.tinanz.com/product/18490,成都仓
英版FemFresh（洋甘菊）护理洗液250ml  28.10月,￥58,https://cdn2u.com/images/upload/3065022-300e08a5b01819b6fd169714a48b3cba-3456x4608.jpg!s160,https://www.tinanz.com/product/18480,成都仓
ENCARE 耳牛球免疫球蛋白 成人升级版30粒   27年6月,无货,https://cdn2u.com/images/upload/1305462-6065f12412af796282e0e985adb49174-591x804.png!s160,https://www.tinanz.com/product/18424,成都仓
Nu-lax 乐康片40粒 （芦荟味）27.04月,无货,https://cdn2u.com/images/upload/1215829-226a7744ee0fecf6062d17aaa5c219b2-600x828.png!s160,https://www.tinanz.com/product/18411,成都仓
Nu-lax 乐康片40粒 （西梅味）27.08月,￥65,https://cdn2u.com/images/upload/1210545-f2fe0b69359b33768fd6744f2d6faf17-599x816.png!s160,https://www.tinanz.com/product/18410,成都仓
Manuka蜜纽康 麦卢卡蜂蜜 MGO400+UMF13+250克  保质期 28.04   普通地区包邮,￥199,https://cdn2u.com/images/upload/73721-2dfb7d6ebf14a26d2cafd2a17ed3e5ea-800x800.jpg!s160,https://www.tinanz.com/product/18258,品牌方发
英国 Sudocrem 屁屁霜125g（英版） 28.01月~,￥56,https://cdn2u.com/images/upload/1064535-ae399316802a18c11268f1e5b68964ff-609x812.png!s160,https://www.tinanz.com/product/18253,成都仓
红印Red Seal优质黑糖/红糖440g    26年04月,无货,https://cdn2u.com/images/upload/707314-d2b301d1641fd9622364da816ec6fcfa-1080x1440.jpg!s160,https://www.tinanz.com/product/18232,成都仓
AwaRua小蓝牛阿瓦鲁有机儿童成长奶粉830g （一般贸易 ）27.02月,￥258,https://cdn2u.com/images/upload/462149-9919dcc3a2d3ef3b545bd0d10c407d63-418x558.png!s160,https://www.tinanz.com/product/18218,北京发
A2 白金系列孕妇奶粉 900g   27.08月  到货发,￥198,https://cdn2u.com/images/upload/1420216-58e47c1b3a20f2e871863907638bd4d2-605x822.png!s160,https://www.tinanz.com/product/18206,成都仓
YPLsupreme联名款暴汗裤,￥99,https://cdn2u.com/images/upload/679298-79235b472ce79efba96a4d2cdc758923-611x825.png!s160,https://www.tinanz.com/product/18201,成都仓
Blackmores 蓝莓护眼30片（加强版）27.02月  特价,￥99,https://cdn2u.com/images/upload/1303396-cf9377c22133bc8770c2b5fda07b9f03-604x806.png!s160,https://www.tinanz.com/product/18169,成都仓
Encare儿童耳牛球蛋白  40包   27年5月,￥328,https://cdn2u.com/images/upload/1330217-f9b0ba8d6b54f178d472efc8b5229af6-608x821.png!s160,https://www.tinanz.com/product/18131,成都仓
Baby Ddrops 600iu 儿童维生素D3滴剂2.8ml（紫色）29年5月,￥98,https://cdn2u.com/images/upload/491891-795717a12f2a376938b4772d69c49aaf-487x649.png!s160,https://www.tinanz.com/product/18086,成都仓
美可卓蓝妹子脱脂1kg   27.08月   3罐优惠10元,￥128,https://cdn2u.com/images/upload/352619-5d6580b807a1e85ed93b3b085c1ab927-424x472.png!s160,https://www.tinanz.com/product/18011,成都仓
美可卓蓝胖子 全脂1kg  27年10月  3罐优惠10元,￥130,https://cdn2u.com/images/upload/326751-ca11d7f40b9e1538b88d695e5cf8f55b-451x407.png!s160,https://www.tinanz.com/product/18010,成都仓
Healthy Care 牛初乳粉 300g    28.01月,￥128,https://cdn2u.com/images/upload/879798-ed42cc60c4fc098f1e7df6bbc55de95e-612x811.png!s160,https://www.tinanz.com/product/17989,成都仓
Blackmores孕妇黄金素180粒    27.08月,￥188,https://cdn2u.com/images/upload/1082106-0c46407b86da2b80279aeff047dcf131-605x813.png!s160,https://www.tinanz.com/product/17820,成都仓
Nuskin洁面刷头  清仓特价,￥228,https://cdn2u.com/images/upload/1282950-3b030376ddb8a925c86b9db7c1ef43bb-607x838.png!s160,https://www.tinanz.com/product/17717,成都仓
eaoron补水亮白淡斑修复精华108粒 28.10月,￥128,https://cdn2u.com/images/upload/1053049-e784948593c30b5e1c0f09b186226efc-617x799.png!s160,https://www.tinanz.com/product/17630,成都仓
MitoQ美透 姜黄素胶囊60粒 27.03月  2盒包邮 1盒加25元,￥495,https://cdn2u.com/images/upload/86276-7045d0c8139abaf2fa27897d86242634-800x800.jpg!s160,https://www.tinanz.com/product/17288,新西兰直邮下单咨询最新价格
MitoQ皓白小黑伞60粒     2盒包邮  1盒加25元,￥500,https://cdn2u.com/images/upload/188456-c85713dccf81788087f4437687b9407b-550x550.png!s160,https://www.tinanz.com/product/16051,新西兰直邮下单咨询最新价格
Dettol滴露消毒液无喷头绿色500ml  满5包邮,￥68,https://cdn2u.com/images/upload/1379475-38b85bf2aa105ba1e4c61a1813e3f969-593x811.png!s160,https://www.tinanz.com/product/15752,成都仓
Dettol滴露消毒液无喷头蓝色500ml 满5包邮,￥68,https://cdn2u.com/images/upload/1360687-1f0e9db0194dae91933813d1e06cb51e-597x799.png!s160,https://www.tinanz.com/product/15751,成都仓
Caprilac山羊奶粉袋装1KG   27年11月 3袋优惠10元,￥218,https://cdn2u.com/images/upload/1021574-248c0752ce055d4d318d609af09bbb4c-600x825.png!s160,https://www.tinanz.com/product/15376,成都仓
HAAB哈布洁面巾340g（约80抽）（品牌方发4卷以上包邮不到4卷运费6元）（一般贸易带中文标）,￥38,https://cdn2u.com/images/upload/490526-e51051ae01064ce6c8c4a4b81e3db34e-420x587.png!s160,https://www.tinanz.com/product/15328,品牌方发
Healthy Care红袋鼠精胶囊120粒 28.05月,￥158,https://cdn2u.com/images/upload/1037499-570926f815dfcbdca0e5726536f42407-615x822.png!s160,https://www.tinanz.com/product/15291,成都仓
"南极至尊黑刺参500g ,约20-30头（带刺）",￥1200,https://cdn2u.com/images/upload/1103211-10a1f5c4c4a944c0c014d747687ab4e5-622x829.png!s160,https://www.tinanz.com/product/15288,成都仓
（亏本清仓）aromaganic 澳洲纯天然染发膏染发剂 浅亚麻色9.0,￥99,https://cdn2u.com/images/upload/526939-443de1016df26e5e292ad816b1377dbc-406x589.png!s160,https://www.tinanz.com/product/14887,
（亏本清仓）aromaganic 澳洲纯天然染发膏染发剂 浅金亚麻色8.0N,￥99,https://cdn2u.com/images/upload/548856-d71f9c2001abc63d330d0202cf230370-422x591.png!s160,https://www.tinanz.com/product/14886,
Lucas木瓜膏75g   27.11月,￥89,https://cdn2u.com/images/upload/90285-fc6ea95813e7384af2c2f50ed279f9b0-1080x1440.jpg!s160,https://www.tinanz.com/product/14771,成都仓
Lucas木瓜膏25g  28.06月,￥45,https://cdn2u.com/images/upload/101550-db105f436f9201c9e7f5e8b09d7ce6ca-1080x1440.jpg!s160,https://www.tinanz.com/product/14770,成都仓
MitoQ 血糖平衡胶囊60粒  27年3月 2盒包邮  1盒加25元,￥354,https://cdn2u.com/images/upload/254664-cdc058bd57f44039940b5c028df238ae-800x800.jpg!s160,https://www.tinanz.com/product/12775,新西兰直邮下单咨询最新价格
Blackmores深海鱼油 400粒（原味 ）28.07月,￥128,https://cdn2u.com/images/upload/834639-23ae09d7c75f87a715c15d188a2f6777-615x806.png!s160,https://www.tinanz.com/product/12368,成都仓
YPL瘦身裤好厚款  特价,￥199,https://cdn2u.com/images/upload/283525-5546cddf6debaec62e019246a230d635-559x770.png!s160,https://www.tinanz.com/product/12206,成都仓
Ostelin infant 新生儿 液体维生素D3滴剂VD3 2.4ml   27.06月,无货,https://cdn2u.com/images/upload/487012-de92d59a275b3c7e365bf87b3c36596b-435x583.png!s160,https://www.tinanz.com/product/11657,成都仓
A2  成人脱脂1kg   27年9月  3袋减10元,￥128,https://cdn2u.com/images/upload/781039-9ba77530fe7b5eb0c3819482300448c9-564x743.png!s160,https://www.tinanz.com/product/11656,成都仓
可瑞康山羊奶1段  27.02月   3罐优惠10元  特价,￥288,https://cdn2u.com/images/upload/2579868-2ea91d6439860a03be05120ee1d6c6fd-3456x4608.jpg!s160,https://www.tinanz.com/product/11642,成都仓
Ostelin Vitamin D Kids儿童维生素D滴剂 草莓味20ml  28.04月,￥49,https://cdn2u.com/images/upload/475939-ce9fa8e9ada02a698a84519e39295bcd-416x577.png!s160,https://www.tinanz.com/product/11535,成都仓
123非卖品,￥5,https://cdn2u.com/img/default.jpg!s160,https://www.tinanz.com/product/11534,成都仓
Eaoron水光亮白素颜霜50ml   28.09月,￥118,https://cdn2u.com/images/upload/652160-9d4f3e206eed0c3ff90ecb87b6b774a3-1080x1440.jpg!s160,https://www.tinanz.com/product/11242,成都仓
爱他美白金4段    27.08月  3罐优惠10元,无货,https://cdn2u.com/images/upload/1593942-577c881543316b7f8fd496e5b83ff19b-2736x3648.jpg!s160,https://www.tinanz.com/product/11233,成都仓
可瑞康山羊奶2段  26.12月    3罐优惠10元  亏本清仓,￥298,https://cdn2u.com/images/upload/2810716-80854ade6a19cb123de5082437bd47e2-3456x4608.jpg!s160,https://www.tinanz.com/product/11158,成都仓
Blackmores 血糖平衡片 90粒   28.03月,￥81,https://cdn2u.com/images/upload/826683-76683f7bc401e40f9a39af53165a4cd3-605x799.png!s160,https://www.tinanz.com/product/11157,成都仓
Life space 澳洲塑身瘦身减肥B420益生菌 60粒   27年04月~  特价,￥158,https://cdn2u.com/images/upload/628612-5f2224f4bf71aaf34acc6143db5d24bf-562x707.png!s160,https://www.tinanz.com/product/10921,成都仓
好健康乳铁蛋白260g  27.02月,￥458,https://cdn2u.com/images/upload/598854-db720df9cd675daa4fe01288d1815a88-600x809.png!s160,https://www.tinanz.com/product/10812,成都仓
mitoq明眸护眼胶囊60粒     2盒包邮 1盒加25元,￥419,https://cdn2u.com/images/upload/254429-a692f0840712b3a372f94dce4249ebbd-800x800.jpg!s160,https://www.tinanz.com/product/10664,新西兰直邮
avene雅漾活泉喷雾300ml  29年5月,￥78,https://cdn2u.com/images/upload/548353-8cf2f9629e2f91cefea58c7d78118b65-534x910.png!s160,https://www.tinanz.com/product/10072,成都仓
ostelin成人钙250粒  28年05月,无货,https://cdn2u.com/images/upload/628198-8a5cd6210645cf1ca5d84e5d69cb8c24-1080x1440.jpg!s160,https://www.tinanz.com/product/10053,成都仓
爱他美白金1段 800g新包装     3罐优惠10元 27年12月,￥298,https://cdn2u.com/images/upload/354114-d137bb14bf76869dbdc48ce6439672b7-559x754.png!s160,https://www.tinanz.com/product/10051,成都仓
新西兰鲨鱼骨500g   中通包邮,无货,https://cdn2u.com/images/upload/2363483-7c4559bfe9999c187540947097ca49f0-2736x3648.jpg!s160,https://www.tinanz.com/product/9925,成都仓
Nutralife 纽乐护肝宝肝脏排毒胶囊60粒 27.3月  特价,￥148,https://cdn2u.com/images/upload/708495-69cea215dc4ebfd9ed01062866e01e60-559x768.png!s160,https://www.tinanz.com/product/9899,成都仓
[美国原产]Nuskin lumi美容仪 送洗面导头2个  亏本清仓特价,无货,https://cdn2u.com/images/upload/506960-679da4ed87d408da89eb548e3616d344-400x741.png!s160,https://www.tinanz.com/product/9685,成都仓 包邮
康维他 麦卢卡活性蜂蜜 活性5+Comvita UMF 5＋ 1kg  26年11月,无货,https://cdn2u.com/images/upload/466519-9707b28ce2e0ef99e16a8ed9c869cf4e-417x572.png!s160,https://www.tinanz.com/product/9439,成都仓
Unichi 丹拿 纯天然生蚝精金装升级版 60粒 29.05月,￥128,https://cdn2u.com/images/upload/502071-3b5c3182f380f18e2d12f36fd9872df8-420x570.png!s160,https://www.tinanz.com/product/9176,成都仓
Blackmores维生素B高含量维生素B族75粒  27年07月,￥99,https://cdn2u.com/images/upload/537865-483e5d3374881ad0e6d9a32a9ba3d996-560x743.png!s160,https://www.tinanz.com/product/9168,成都仓
MitoQ奶蓟草护肝胶囊60粒  28年后  拍2盒倍数包邮   1盒加25元 发顺丰10日左右到达,￥358,https://cdn2u.com/images/upload/646199-182ff86ea7506f571c67240f8734096c-800x708.png!s160,https://www.tinanz.com/product/9167,新西兰直邮下单咨询最新价格
Neurio 纽瑞优 乳铁蛋白粉1g*60袋 蓝钻版  27年4月,￥228,https://cdn2u.com/images/upload/572427-860db4732a9537a80a06253b66538165-560x711.png!s160,https://www.tinanz.com/product/8931,成都仓
8分钟无硅油大人参精华洗发水800ml    27年10月,￥99,https://cdn2u.com/images/upload/589236-a3fd72ea04045a46eb6962e903736a8c-445x594.png!s160,https://www.tinanz.com/product/8870,品牌方发   中文白标
Moroccanoil摩洛哥护发精油发油100ml  (开瓶18个月）,无货,https://cdn2u.com/images/upload/557221-9b22016258fb1ea0dc818f63fda215be-437x586.png!s160,https://www.tinanz.com/product/8697,成都仓
佳思敏儿童复合维生素＋蔬菜精华 软糖 60粒 26年12月~,￥68,https://cdn2u.com/images/upload/601559-c416590554ba97dc2abbe69b30c49107-433x560.png!s160,https://www.tinanz.com/product/8668,成都仓
Baby儿童益智餐具 粉色 普通地区包邮 白菜价亏本清仓,￥218,https://cdn2u.com/images/upload/3028502-a360a8dac22a24eda8904804521a2f10-3456x4608.jpg!s160,https://www.tinanz.com/product/8531,成都仓
Neurio 纽瑞优乳铁蛋白(白金版)澳版1g*60袋   3罐减10元  27.05月  特价,￥188,https://cdn2u.com/images/upload/574961-2779dc6e66e6072f02d21e88ff522d82-560x755.png!s160,https://www.tinanz.com/product/8490,成都仓
汤普森奶蓟草精华护肝胶囊60粒  28.05月,￥128,https://cdn2u.com/images/upload/316314-9b679859876be6c89d2513ef8a7929c6-559x726.png!s160,https://www.tinanz.com/product/8421,成都仓
Blackmores辅酶Q10保护心脏150mg  30粒  29.05月~,￥88,https://cdn2u.com/images/upload/641933-b03d5d4df1ca41366b2d68f410ae19dd-609x824.png!s160,https://www.tinanz.com/product/8222,成都仓
Comvita康维他麦卢卡UMF15+蜂蜜250g 27.06月,无货,https://cdn2u.com/images/upload/613576-36a6730f9064b9ca6fa14ec7ac2344c3-605x820.png!s160,https://www.tinanz.com/product/8065,成都仓
ostelin儿童钙恐龙钙维生素D咀嚼片梅子味 90粒 28年2月,￥69,https://cdn2u.com/images/upload/668162-bf67d081f89b8e321d582156a52a2a9e-436x586.png!s160,https://www.tinanz.com/product/8030,成都仓
Swisse护肝片200粒 28年08月,￥156,https://cdn2u.com/images/upload/730059-0bb1db7547f0b1f8826f31915c4d3eab-563x794.png!s160,https://www.tinanz.com/product/7932,成都仓
Life space成人益生菌 60粒 27.05月~,￥168,https://cdn2u.com/images/upload/480448-6750c19d7fa8cd3a4d02c68c4576d18f-563x622.png!s160,https://www.tinanz.com/product/7839,成都仓
"澳洲小黑参500g, 50头左右（无刺）",￥858,https://cdn2u.com/images/upload/845481-f85c4c8880bb17c1440a1d6259eaf246-562x886.png!s160,https://www.tinanz.com/product/7790,成都仓
"南极至尊黑刺参500g ,约50-60头 （带刺）",￥1566,https://cdn2u.com/images/upload/1380296-81dba5f8a551a93218908baf7970c93f-626x826.png!s160,https://www.tinanz.com/product/7789,成都仓
A2成人全脂1Kg/袋 27年8月  3袋减10元,￥128,https://cdn2u.com/images/upload/818076-a41081f5717868ca4033f3a219db64d3-566x778.png!s160,https://www.tinanz.com/product/7747,成都仓
安佳罐装脱脂900g   26.10月,无货,https://cdn2u.com/images/upload/864446-d34df87f2be17385ae35101ff5a9eb97-563x861.png!s160,https://www.tinanz.com/product/7745,成都仓
安佳罐装全脂900g   27年1月,无货,https://cdn2u.com/images/upload/776925-990aa4c22cbbebcfefb27bd4eaa5ed78-561x760.png!s160,https://www.tinanz.com/product/7744,成都仓
安佳袋装全脂 1kg   27年4月,无货,https://cdn2u.com/images/upload/856580-bf49ea4a135f48d07529e4d7716cf492-561x808.png!s160,https://www.tinanz.com/product/7743,成都仓
安佳脱脂 1kg   27年4月,无货,https://cdn2u.com/images/upload/905511-e8250446fce47eded67549c32dff7534-560x841.png!s160,https://www.tinanz.com/product/7741,成都仓
A2 白金3段婴幼儿奶粉900g 27年9月  3罐优惠10元,￥238,https://cdn2u.com/images/upload/4046545-a24effd08aed683da69202db9e08a999-3456x4608.jpg!s160,https://www.tinanz.com/product/7734,成都仓
A2 白金1段婴幼儿奶粉900g   27.08月~  3罐优惠10元,￥258,https://cdn2u.com/images/upload/2703075-a3d6c22686a1302ea22e9577c0a59651-3456x4608.jpg!s160,https://www.tinanz.com/product/7732,成都仓
爱他美白金3段   28.01月    3罐优惠10元,￥268,https://cdn2u.com/images/upload/2599194-06741b8973ec16522d78efb5315e57e2-3456x4608.jpg!s160,https://www.tinanz.com/product/7726,成都仓
爱他美白金2段 新包装800g   27年12月   3罐优惠10元,￥328,https://cdn2u.com/images/upload/392359-e11f6cbd834207d5bb2286a930edefcc-559x776.png!s160,https://www.tinanz.com/product/7725,成都仓
Blackmores天然圣洁莓40粒  28.05月,￥78,https://cdn2u.com/images/upload/1017766-56b8056473950abedd8f4b897ddcdf05-629x829.png!s160,https://www.tinanz.com/product/7693,成都仓
manuka蜜纽康天然BIO30+黑蜂胶胶囊500粒 26.12月  特价,￥508,https://cdn2u.com/images/upload/2382129-535dfbed0088e58d04485e1a7aa6cc97-3120x4160.jpg!s160,https://www.tinanz.com/product/7678,成都仓
康维他麦卢卡活性蜂蜜 活性10＋500g,无货,https://cdn2u.com/images/upload/1253567-4f338b11e6a6d39d07bbb49661eeba14-611x816.png!s160,https://www.tinanz.com/product/7660,成都仓
汤普森深海鱼油 1000mg 400粒  28.09月 到货发,￥258,https://cdn2u.com/images/upload/426148-5ba1115f3b94ff89453c50b9afc3d8c7-556x860.png!s160,https://www.tinanz.com/product/7655,成都仓
佳思敏儿童维生素C＋补锌软糖60粒 27年06月  特价,￥65,https://cdn2u.com/images/upload/93384-298ae13162d1a04f9c45a6de11b0d635-800x800.jpg!s160,https://www.tinanz.com/product/7645,成都仓
佳思敏儿童VD钙＋维生素D3软糖60粒  27.05月,￥69,https://cdn2u.com/images/upload/3115665-06b0f07cdebefbd83e0166021703f138-3120x4160.jpg!s160,https://www.tinanz.com/product/7643,成都仓
Blackmores芹菜籽缓解痛风/降尿酸 3000mg 50片 27年5月~,￥86,https://cdn2u.com/images/upload/949485-d95d38bd5cfc7ac85d8e31c6eb270e6b-623x823.png!s160,https://www.tinanz.com/product/7620,成都仓
eaoron 氨基酸水光洁面乳 温和低敏洗面奶100ml  28年03月,￥48,https://cdn2u.com/images/upload/1024822-3a6b3feaad941bbc94de9c58bb47bde3-602x807.png!s160,https://www.tinanz.com/product/7592,成都仓
Ego QV雪花膏小老虎面霜250g 克 按压头 30.05月,￥79,https://cdn2u.com/images/upload/256437-1437a6ee84ca86afab3abedf44dec52d-960x1280.jpg!s160,https://www.tinanz.com/product/7589,成都仓
小安素奶粉850g 香草味     26.08月   临期特价,￥198,https://cdn2u.com/images/upload/741734-f1c1f026e0ab26a33105cb824d707cfa-561x844.png!s160,https://www.tinanz.com/product/7587,成都仓
汤普森芹菜精5000胶囊60粒 27.08月,￥95,https://cdn2u.com/images/upload/1062522-d9319323b6f24bba00a6f96fffc4697f-800x800.png!s160,https://www.tinanz.com/product/7574,成都仓
Ego  QV止汗走珠 80g     29.5月,无货,https://cdn2u.com/images/upload/131592-8dc965dde27076058ad11b0892525a7b-810x1080.jpg!s160,https://www.tinanz.com/product/7441,成都仓
Aveeno 婴幼儿燕麦润肤乳液227ML浅蓝色 韩版  28.10月,无货,https://cdn2u.com/images/upload/560648-3d76a5868ed4d43af0f7467fd579dd4b-556x867.png!s160,https://www.tinanz.com/product/7429,成都仓
美国 Aveeno 婴儿燕麦润肤乳（止痒抗过敏）深蓝色227g   韩版 28.12月,无货,https://cdn2u.com/images/upload/523195-16c162ddce7bcf1942a4323dc66b477a-560x817.png!s160,https://www.tinanz.com/product/7427,成都仓
Merino 美丽诺97%纯芦荟胶芦荟凝胶 250g    27年9月,￥79,https://cdn2u.com/images/upload/113996-0532fb772392966f65a83a5c4ccb5e39-800x1066.jpg!s160,https://www.tinanz.com/product/7404,成都仓
eaoron 水光速效美白面膜 5片 25毫升  （黑色）27.11月~,无货,https://cdn2u.com/images/upload/3882565-b439ed82cb6d914596622b3a9e27e539-2608x4624.jpg!s160,https://www.tinanz.com/product/7379,成都仓
eaoron 微精华涂抹式水光针10ml （第五代）27.06月,￥68,https://cdn2u.com/images/upload/2689595-e5890ca167e6c247c60588e1a1a7dcbc-3456x4608.jpg!s160,https://www.tinanz.com/product/7372,成都仓
eaoron 水光针玻尿酸水光水120ml  28.03月 外盒有点花 介意勿拍,￥58,https://cdn2u.com/images/upload/519552-e028f8eb68e57619cb8c2e7951748195-467x623.png!s160,https://www.tinanz.com/product/7371,成都仓
eaoron 水光针玻尿酸水光乳120ml  28年10月,无货,https://cdn2u.com/images/upload/510138-979b56c7ad7edad44eccee348d73335e-466x623.png!s160,https://www.tinanz.com/product/7370,成都仓
Royal Nectar 皇家蜂毒眼霜15ml   27.01月  特价,￥148,https://cdn2u.com/images/upload/436326-ea7f0f34f71d0ce15b07f4e11cfddbf8-565x631.png!s160,https://www.tinanz.com/product/7353,成都仓
Morning 超浓缩洗洁精 400/ML(液体仓库会用心打包 但是物流暴力长途运输难免会有点小漏 下单请慎重）,无货,https://cdn2u.com/images/upload/695132-8564b033e4efcb2604d46d7ebc3588c5-574x613.png!s160,https://www.tinanz.com/product/7350,成都仓
澳洲 Duit急救手膜嫩白保湿去死皮150ml 开瓶12个月,￥79,https://cdn2u.com/images/upload/122210-a57736e34a5e908424cb2b699c01d78e-800x800.jpg!s160,https://www.tinanz.com/product/7324,成都仓
Duit  急救脚膜50g  开瓶12个月,￥78,https://cdn2u.com/images/upload/96754-84a7e135ef1b423f92143f28e717960d-960x1280.jpg!s160,https://www.tinanz.com/product/7323,成都仓
natio 洋甘菊保湿水250ml  开瓶12月,无货,https://cdn2u.com/images/upload/51820-0d3edc1fc9cfc150961217664709787a-810x1080.jpg!s160,https://www.tinanz.com/product/7318,成都仓
Nutrition Care 养胃粉 150g   28.8月,￥168,https://cdn2u.com/images/upload/574451-e8314de4316c982d42e6b885408a40ad-558x789.png!s160,https://www.tinanz.com/product/7291,成都仓
Cenovis 圣诺VC无糖咀嚼片300片 28.08月,￥78,https://cdn2u.com/images/upload/1234424-0ba9b2ef84d5e93e7f4a1fbe6b135dbd-609x803.png!s160,https://www.tinanz.com/product/7288,成都仓
harker天然草本深度清肺液500ml   29.06月,￥199,https://cdn2u.com/images/upload/529500-9ad1f19ffa526ddf3845aaf09c582191-560x829.png!s160,https://www.tinanz.com/product/7280,成都仓
Good Health好健康深海鱼油1500mg 400粒 无腥味27.03月,无货,https://cdn2u.com/images/upload/117280-04b261a037770a313c18f295c38cc582-205x270.png!s160,https://www.tinanz.com/product/7260,成都仓
Thompson汤普森 液体钙胶囊 60粒 28年02月,￥86,https://cdn2u.com/images/upload/2784862-bc079dd1147529bb573186d1a1ce4db3-3456x4608.jpg!s160,https://www.tinanz.com/product/7256,成都仓
Thompson 汤普森超级卵磷脂200粒 28.04月,￥148,https://cdn2u.com/images/upload/2888692-e4d68d248d108e26b0b52fd8f4fc5e4d-3456x4608.jpg!s160,https://www.tinanz.com/product/7247,成都仓
melrose麦萝氏绿植萃粉全能 绿瘦子200g  27年5月,无货,https://cdn2u.com/images/upload/115380-1e53497adbd9e71f416485c8b6edce45-960x1280.jpg!s160,https://www.tinanz.com/product/7244,成都仓
澳版 Elevit女爱乐维100粒   28年07月,￥350,https://cdn2u.com/images/upload/3245693-bf62164e2e0b5b9f96f9eb39cfb1a434-3456x4608.jpg!s160,https://www.tinanz.com/product/7241,成都仓
Elevit男爱乐维  新包装 28.03月,￥358,https://cdn2u.com/images/upload/390470-9d76dbe83cf2e51d977a86aee7c21792-523x675.png!s160,https://www.tinanz.com/product/7240,成都仓
Swisse胶原蛋白片100片   28.04月  澳版,￥115,https://cdn2u.com/images/upload/444994-71104a76b4f98c9af34ae3b511403a03-419x566.png!s160,https://www.tinanz.com/product/7219,成都仓
Swisse 男士维生素120粒  28.09月 澳版,￥168,https://cdn2u.com/images/upload/2517593-b55683100ee961fa5ebee4dca8c3e623-3456x4608.jpg!s160,https://www.tinanz.com/product/7217,成都仓
Swisse女士维生素120粒  28年06月 合版,￥178,https://cdn2u.com/images/upload/3427093-ff4dc455495c61ca2519ba7e523c3791-3120x4160.jpg!s160,https://www.tinanz.com/product/7216,成都仓
Swisse儿童维生素 澳版   27.10月,￥98,https://cdn2u.com/images/upload/523309-7c4454bb7dc9a81726939f3d185103ab-420x570.png!s160,https://www.tinanz.com/product/7212,成都仓
Swisse护肝片120粒 合版   28.06月,无货,https://cdn2u.com/images/upload/1565802-0d66291232916f5b6f51bd9668d63a44-2939x3776.jpg!s160,https://www.tinanz.com/product/7210,成都仓
Swisse睡眠片100片   27.11月,￥125,https://cdn2u.com/images/upload/1343051-56840ead04f0ca3fb222f20a92d9b9b8-601x833.png!s160,https://www.tinanz.com/product/7209,成都仓
Swisse蔓越莓90粒   28.03月  澳版,无货,https://cdn2u.com/images/upload/578336-4045e87a73ebbdb83f8bc8722e3771bf-561x717.png!s160,https://www.tinanz.com/product/7208,成都仓
Blackmores深海鱼油 400粒（无腥味 ）28.08月,￥158,https://cdn2u.com/images/upload/106744-b56a2bdefd643a541ff072270c0ae472-1080x1440.jpg!s160,https://www.tinanz.com/product/7204,成都仓
Blackmores维骨力180粒 28.05月,￥164,https://cdn2u.com/images/upload/1221549-2b65d86a9149b3d9d0790699c5883147-616x839.png!s160,https://www.tinanz.com/product/7203,成都仓
Life Space 婴儿益生菌粉60g（0个月-3岁） 27.10月,￥138,https://cdn2u.com/images/upload/2950915-d5a37c51d261353015131ed0a1d47a21-2608x4624.jpg!s160,https://www.tinanz.com/product/7197,成都仓
Blackmores叶酸片 90粒 28.06月,￥59,https://cdn2u.com/images/upload/1038277-83bd31d359577e99ae6d7a6946122208-615x835.png!s160,https://www.tinanz.com/product/7196,成都仓
Life Space 儿童益生菌粉60g（3-12岁） 27.10月,￥148,https://cdn2u.com/images/upload/445965-351d2afc2e6c1c3a29082057f1031044-565x632.png!s160,https://www.tinanz.com/product/7195,成都仓
Life Space 老人益生菌 60粒  27年05月,￥145,https://cdn2u.com/images/upload/3067264-180362388f9f52d42d44b5fcdbbad050-3120x4160.jpg!s160,https://www.tinanz.com/product/7190,成都仓
Blackmores月见草190粒   28.03月,￥138,https://cdn2u.com/images/upload/839968-70250a320e24161c9d6e39f53fab658c-562x836.png!s160,https://www.tinanz.com/product/7189,成都仓
康维他麦卢卡活性蜂蜜 活性20＋250g    26.07月,无货,https://cdn2u.com/images/upload/976519-fb6b1dd288ff41a2ddd9f74d09bf55eb-579x818.png!s160,https://www.tinanz.com/product/7175,成都仓
康维他麦卢卡活性蜂蜜 活性5＋500g,无货,https://cdn2u.com/images/upload/439375-7df2f750176d100851ac5d6dbf71e38e-404x562.png!s160,https://www.tinanz.com/product/7171,成都仓
SHADEZ成人蓝光眼镜 亏本清仓,￥165,https://cdn2u.com/images/upload/305625-92349fcc017d5222c5d141d7365b011e-531x598.png!s160,https://www.tinanz.com/product/7170,成都仓
SHADEZ儿童蓝光防近视眼镜（3-7岁） 亏本清仓,￥158,https://cdn2u.com/images/upload/415555-0eaf67d7283783913e2c0c43201b9364-563x780.png!s160,https://www.tinanz.com/product/7168,成都仓
THERMOS膳魔师儿童吸管保温杯355ml    特价,￥155,https://cdn2u.com/images/upload/681690-b4b91368e16919aad3100a8e1987cd22-563x565.png!s160,https://www.tinanz.com/product/7164,成都仓
Healthy care羊胎素精华50ml  29年5月,￥79,https://cdn2u.com/images/upload/529633-2652c0b017953d3a2de669d6a24b6d54-555x868.png!s160,https://www.tinanz.com/product/7150,成都仓
Healthy care蜂胶胶囊2000mg 200粒   28.05月  超低特价,￥102,https://cdn2u.com/images/upload/1130985-1648d7897a72d3a0899a7ef01ba04d6b-620x832.png!s160,https://www.tinanz.com/product/7149,成都仓
Healthy care葡萄籽12000mg 300粒  28年5月,￥128,https://cdn2u.com/images/upload/1125917-d33b5a28a795829236040d4cfaee3927-614x811.png!s160,https://www.tinanz.com/product/7148,成都仓
Healthy care卵磷脂1200mg100粒  28.2月,￥76,https://cdn2u.com/images/upload/1383930-69d3aa55cfe0f8ca8ee96e815154942e-614x815.png!s160,https://www.tinanz.com/product/7147,成都仓
Healthy care辅酶HC Q10 150mg心脏保护100粒   28年05月  特价,￥129,https://cdn2u.com/images/upload/883949-555ad01d25bae157ab2172730f01153e-593x812.png!s160,https://www.tinanz.com/product/7146,成都仓
Go healthy高之源辅酶Q10 400mg60粒 28.06月,￥198,https://cdn2u.com/images/upload/593723-676613cf2a7624afe11236f84cc76586-563x802.png!s160,https://www.tinanz.com/product/7142,成都仓
Go healthy高之源高含量卵磷脂 1500mg 120粒    28.06月,￥96,https://cdn2u.com/images/upload/879535-b8391f47005ebc5b158529dfeb18397e-562x894.png!s160,https://www.tinanz.com/product/7141,成都仓
佳思敏三色儿童鱼油维生素DHA胶囊180粒  28.7月,￥148,https://cdn2u.com/images/upload/2329577-8c1773087ea6ab7d7160dc33d869aef8-3120x4160.jpg!s160,https://www.tinanz.com/product/7136,成都仓
Gran's Remedy老奶奶鞋子除臭剂臭脚粉50g  29.08月,￥68,https://cdn2u.com/images/upload/97031-d14a942d9e63af21f2a0293cd56fd876-800x800.jpg!s160,https://www.tinanz.com/product/7113,成都仓
Childlife童年时光钙镁锌 30*10ml/盒 含K2  26.07月,无货,https://cdn2u.com/images/upload/3186194-8835f6358e320ba8db5db67d755f2a18-3120x4160.jpg!s160,https://www.tinanz.com/product/7111,成都仓
Floradix德国红铁元液500mL   28.05月,￥158,https://cdn2u.com/images/upload/2967523-f7c2d35208dcf5b3696e73b1c152c6db-3120x4160.jpg!s160,https://www.tinanz.com/product/7095,成都仓
Ddrops 婴儿维生素 D3 滴剂  27.04月（带防伪标）,￥110,https://cdn2u.com/images/upload/565042-80f965ddf7cddfb4ba48a6fc503822f6-558x684.png!s160,https://www.tinanz.com/product/7082,成都仓
Bioisland儿童成长素2段 60粒   28.05月,￥115,https://cdn2u.com/images/upload/771088-44556e22001ceba8727fe1472b29ee00-604x811.png!s160,https://www.tinanz.com/product/6993,成都仓
Bioisland成人乳钙 150粒   28.05月,￥125,https://cdn2u.com/images/upload/2664088-bf9d21d7e929d8fc2218f90a2fe83989-3120x4160.jpg!s160,https://www.tinanz.com/product/6978,成都仓
Bioisland孕妇DHA高纯度海藻油 60粒  28.05月,￥158,https://cdn2u.com/images/upload/953230-ab9666fb5e3a3c186afca4dc266c6a99-627x831.png!s160,https://www.tinanz.com/product/6977,成都仓
Bioisland儿童乳钙 90粒  28.06月,￥118,https://cdn2u.com/images/upload/963120-84ec8d6249ac28e31cffae0ce4cbb956-627x834.png!s160,https://www.tinanz.com/product/6975,成都仓
Bioisland海藻油DHA  60粒  28.07月,￥108,https://cdn2u.com/images/upload/933792-3ac5fc47032c8522783af0c495d4e46c-615x821.png!s160,https://www.tinanz.com/product/6974,成都仓
Bioisland婴幼儿鳕鱼鱼油90粒 28年06月,￥125,https://cdn2u.com/images/upload/966653-e80b044a475c88c4fab0e647bb84e777-625x833.png!s160,https://www.tinanz.com/product/6972,成都仓
Bioisland补锌片  120粒  28年05月,￥89,https://cdn2u.com/images/upload/931359-fe8afa5e6618d0d30e6a72f1745aaf1d-624x819.png!s160,https://www.tinanz.com/product/6971,成都仓
纽乐维骨力 关节灵超效保养胶囊200粒  28年06月,￥178,https://cdn2u.com/images/upload/550028-22ea3f9a3a483074bff850f22ce35565-565x750.png!s160,https://www.tinanz.com/product/6963,成都仓
NUTRA-LIFE纽乐 葡萄糖胺 维骨力软骨素 180粒 29年2月,￥168,https://cdn2u.com/images/upload/588757-4d2de1d8c2173c216c950c8e33db062e-557x736.png!s160,https://www.tinanz.com/product/6961,成都仓
